<?xml version='1.0' encoding='utf-8' standalone='yes' ?>
<map>
    <long name="DownloadDisplayMessageMillis" value="1754763461612" />
    <boolean name="firstAppStartWithUser" value="false" />
    <boolean name="shouldDownloadToSDCard" value="false" />
    <long name="LastLicenseMarkSyncMillis" value="1755685988134" />
    <boolean name="firstAppStartWithoutUser" value="false" />
    <long name="SyncPlayerSdkDownloadMillis" value="1755685989648" />
    <long name="RetryDisabledDownloadSyncMillis" value="1754763461611" />
    <long name="SyncPlayerSdkErrorStateMillis" value="1754763461611" />
    <boolean name="shouldSubscribeToAllTopics" value="false" />
    <long name="LastLicenseSyncMillis" value="1754763461611" />
    <long name="RefreshMetadataSyncTTLMillis" value="1755981898294" />
    <long name="QueueDownloadSyncMills" value="1754763461612" />
    <long name="com.amazon.communication.remotesetting.pref.LAST_SUCCESSFUL_SYNC" value="1755671584019" />
    <long name="DeleteDownloadSyncMillis" value="1754763461612" />
    <string name="PN_customer_vcr">IN</string>
    <string name="PN_subscription_prefs">[{&quot;topic&quot;:&quot;AIV_video_favorites&quot;,&quot;isSubscribed&quot;:false},{&quot;topic&quot;:&quot;AIV_video_in_library&quot;,&quot;isSubscribed&quot;:false},{&quot;topic&quot;:&quot;AIV_video_recommendations&quot;,&quot;isSubscribed&quot;:false},{&quot;topic&quot;:&quot;AIV_video_sports_suggestions&quot;,&quot;isSubscribed&quot;:false},{&quot;topic&quot;:&quot;AIV_new_feature&quot;,&quot;isSubscribed&quot;:false},{&quot;topic&quot;:&quot;AIV_offer&quot;,&quot;isSubscribed&quot;:false}]</string>
    <long name="LastLicenseRepairMillis" value="1754763461611" />
    <long name="DisabledDownloadSyncMillis" value="1754763461611" />
    <long name="com.amazon.communication.remotesetting.pref.LAST_SYNC_ATTEMPT" value="1755671584019" />
    <string name="PN_customer_id">amzn1.account.AGJYE57O2L7PM7IRTFLGO2NQP7BA</string>
    <long name="LastImagesDownloadSyncMillis" value="1755685989648" />
</map>
