<?xml version='1.0' encoding='utf-8' standalone='yes' ?>
<map>
    <set name="kotlin/2.0.21 fire-core/20.3.1 android-installer/ device-brand/Redmi fire-fcm/23.2.0 device-name/excalibur_in fire-android/30 fire-installations/17.1.3 android-platform/ android-min-sdk/21 device-model/excalibur android-target-sdk/35 fire-transport/18.1.7">
        <string>2025-08-16</string>
    </set>
    <set name="kotlin/2.0.21 fire-core/20.3.1 device-brand/Redmi android-installer/ fire-fcm/23.2.0 device-name/excalibur_in fire-android/30 fire-installations/17.1.3 android-min-sdk/21 android-platform/ device-model/excalibur android-target-sdk/35 fire-transport/18.1.7">
        <string>2025-08-20</string>
    </set>
    <string name="last-used-date">2025-08-20</string>
    <long name="fire-count" value="3" />
    <long name="fire-global" value="1755292259365" />
</map>
